{
  "project_info": {
    "project_number": "1054867468345",
    "project_id": "project-certification-67d19",
    "storage_bucket": "project-certification-67d19.firebasestorage.app"
  },
  "client": [
    {
      "client_info": {
        "mobilesdk_app_id": "1:1054867468345:android:18a0f610cd586f57999de8",
        "android_client_info": {
          "package_name": "com.example.project2"
        }
      },
      "oauth_client": [],
      "api_key": [
        {
          "current_key": "AIzaSyAK2nCvsuXMLcqsbCIYENE7KePFkr8NWio"
        }
      ],
      "services": {
        "appinvite_service": {
          "other_platform_oauth_client": []
        }
      }
    },
    {
      "client_info": {
        "mobilesdk_app_id": "1:1054867468345:android:5ff7378c587ba8b0999de8",
        "android_client_info": {
          "package_name": "com.example.project_new"
        }
      },
      "oauth_client": [],
      "api_key": [
        {
          "current_key": "AIzaSyAK2nCvsuXMLcqsbCIYENE7KePFkr8NWio"
        }
      ],
      "services": {
        "appinvite_service": {
          "other_platform_oauth_client": []
        }
      }
    },
    {
      "client_info": {
        "mobilesdk_app_id": "1:1054867468345:android:fcb883f412abd872999de8",
        "android_client_info": {
          "package_name": "com.example.reprojeck"
        }
      },
      "oauth_client": [],
      "api_key": [
        {
          "current_key": "AIzaSyAK2nCvsuXMLcqsbCIYENE7KePFkr8NWio"
        }
      ],
      "services": {
        "appinvite_service": {
          "other_platform_oauth_client": []
        }
      }
    }
  ],
  "configuration_version": "1"
}