{"flutter":{"platforms":{"android":{"default":{"projectId":"project-certification-67d19","appId":"1:1054867468345:android:18a0f610cd586f57999de8","fileOutput":"android/app/google-services.json"}},"dart":{"lib/firebase_options.dart":{"projectId":"project-certification-67d19","configurations":{"android":"1:1054867468345:android:18a0f610cd586f57999de8","ios":"1:1054867468345:ios:d322a51ae46761f1999de8","macos":"1:1054867468345:ios:d322a51ae46761f1999de8","web":"1:1054867468345:web:6485201f3fb3ac19999de8","windows":"1:1054867468345:web:a8e2b07b887f2bd1999de8"}}}}}}